TDSFU Daily run: Mon Oct 27 13:21:32 UTC 2025 TDSFU
TDSFU Daily run: Tue Oct 28 04:37:53 UTC 2025 TDSFU
TDSFU Daily run: Wed Oct 29 04:42:18 UTC 2025 TDSFU
TDSFU Daily run: Thu Oct 30 04:37:08 UTC 2025 TDSFU
TDSFU Daily run: Fri Oct 31 04:39:49 UTC 2025 TDSFU
TDSFU Daily run: Sat Nov  1 04:34:14 UTC 2025 TDSFU
TDSFU Daily run: Sun Nov  2 04:37:07 UTC 2025 TDSFU
TDSFU Daily run: Mon Nov  3 04:42:58 UTC 2025 TDSFU
TDSFU Daily run: Tue Nov  4 04:37:54 UTC 2025 TDSFU
TDSFU Daily run: Wed Nov  5 04:37:58 UTC 2025 TDSFU
TDSFU Daily run: Thu Nov  6 04:42:30 UTC 2025 TDSFU
TDSFU Daily run: Fri Nov  7 04:37:20 UTC 2025 TDSFU
TDSFU Daily run: Sat Nov  8 04:36:07 UTC 2025 TDSFU
TDSFU Daily run: Sun Nov  9 04:35:52 UTC 2025 TDSFU
